il_adi,il_kodu,ilce_adi,ilce_kodu
ADANA,1,ALADAĞ,1757
ADANA,1,CEYHAN,1219
ADANA,1,ÇUKUROVA,2033
ADANA,1,FEKE,1329
ADANA,1,İMAMOĞLU,1806
ADANA,1,KARAİSALI,1437
ADANA,1,KARATAŞ,1443
ADANA,1,KOZAN,1486
ADANA,1,POZANTI,158
ADANA,1,SAİMBEYLİ,1588
ADANA,1,SARIÇAM,2032
ADANA,1,SEYHAN,1104
ADANA,1,TUFANBEYLİ,1687
ADANA,1,YUMURTALIK,1734
ADANA,1,YÜREĞİR,1748
ADIYAMAN,2,BESNİ,1182
ADIYAMAN,2,ÇELİKHAN,1246
ADIYAMAN,2,GERGER,1347
ADIYAMAN,2,GÖLBAŞI,1354
ADIYAMAN,2,KAHTA,1425
ADIYAMAN,2,MERKEZ,1105
ADIYAMAN,2,SAMSAT,1592
ADIYAMAN,2,SİNCİK,1985
ADIYAMAN,2,TUT,1989
AFYONKARAHİSAR,3,BAŞMAKÇI,1771
AFYONKARAHİSAR,3,BAYAT,1773
AFYONKARAHİSAR,3,BOLVADİN,12
AFYONKARAHİSAR,3,ÇAY,1239
AFYONKARAHİSAR,3,ÇOBANLAR,1906
AFYONKARAHİSAR,3,DAZKIRI,1267
AFYONKARAHİSAR,3,DİNAR,1281
AFYONKARAHİSAR,3,EMİRDAĞ,1306
AFYONKARAHİSAR,3,EVCİLER,1923
AFYONKARAHİSAR,3,HOCALAR,1944
AFYONKARAHİSAR,3,İHSANİYE,1404
AFYONKARAHİSAR,3,İSCEHİSAR,1809
AFYONKARAHİSAR,3,KIZILÖREN,1961
AFYONKARAHİSAR,3,MERKEZ,1108
AFYONKARAHİSAR,3,SANDIKLI,1594
AFYONKARAHİSAR,3,SİNANPAŞA,1626
AFYONKARAHİSAR,3,SULTANDAĞI,1639
AFYONKARAHİSAR,3,ŞUHUT,1664
AĞRI,4,DİYADİN,1283
AĞRI,4,DOĞUBAYAZIT,1287
AĞRI,4,ELEŞKİRT,1301
AĞRI,4,HAMUR,1379
AĞRI,4,MERKEZ,1111
AĞRI,4,PATNOS,1568
AĞRI,4,TAŞLIÇAY,1667
AĞRI,4,TUTAK,1691
AMASYA,5,GÖYNÜCEK,1363
AMASYA,5,GÜMÜŞHACIKÖY,1368
AMASYA,5,HAMAMÖZÜ,1938
AMASYA,5,MERKEZ,1134
AMASYA,5,MERZİFON,1524
AMASYA,5,SULUOVA,1641
AMASYA,5,TAŞOVA,1668
ANKARA,6,AKYURT,1872
ANKARA,6,ALTINDAĞ,113
ANKARA,6,AYAŞ,1157
ANKARA,6,BALA,1167
ANKARA,6,BEYPAZARI,1187
ANKARA,6,ÇAMLIDERE,1227
ANKARA,6,ÇANKAYA,1231
ANKARA,6,ÇUBUK,126
ANKARA,6,ELMADAĞ,1302
ANKARA,6,ETİMESGUT,1922
ANKARA,6,EVREN,1924
ANKARA,6,GÖLBAŞI,1744
ANKARA,6,GÜDÜL,1365
ANKARA,6,HAYMANA,1387
ANKARA,6,KAHRAMANKAZAN,1815
ANKARA,6,KALECİK,1427
ANKARA,6,KEÇİÖREN,1745
ANKARA,6,KIZILCAHAMAM,1473
ANKARA,6,MAMAK,1746
ANKARA,6,NALLIHAN,1539
ANKARA,6,POLATLI,1578
ANKARA,6,PURSAKLAR,2034
ANKARA,6,SİNCAN,1747
ANKARA,6,ŞEREFLİKOÇHİSAR,1658
ANKARA,6,YENİMAHALLE,1723
ANTALYA,7,AKSEKİ,1121
ANTALYA,7,AKSU,2035
ANTALYA,7,ALANYA,1126
ANTALYA,7,DEMRE,1811
ANTALYA,7,DÖŞEMEALTI,2036
ANTALYA,7,ELMALI,1303
ANTALYA,7,FİNİKE,1333
ANTALYA,7,GAZİPAŞA,1337
ANTALYA,7,GÜNDOĞMUŞ,137
ANTALYA,7,İBRADI,1946
ANTALYA,7,KAŞ,1451
ANTALYA,7,KEMER,1959
ANTALYA,7,KEPEZ,2037
ANTALYA,7,KONYAALTI,2038
ANTALYA,7,KORKUTELİ,1483
ANTALYA,7,KUMLUCA,1492
ANTALYA,7,MANAVGAT,1512
ANTALYA,7,MURATPAŞA,2039
ANTALYA,7,SERİK,1616
ARTVİN,8,ARDANUÇ,1145
ARTVİN,8,ARHAVİ,1147
ARTVİN,8,BORÇKA,1202
ARTVİN,8,HOPA,1395
ARTVİN,8,KEMALPAŞA,
ARTVİN,8,MERKEZ,1152
ARTVİN,8,MURGUL,1828
ARTVİN,8,ŞAVŞAT,1653
ARTVİN,8,YUSUFELİ,1736
AYDIN,9,BOZDOĞAN,1206
AYDIN,9,BUHARKENT,1781
AYDIN,9,ÇİNE,1256
AYDIN,9,DİDİM,2
AYDIN,9,EFELER,2076
AYDIN,9,GERMENCİK,1348
AYDIN,9,İNCİRLİOVA,1807
AYDIN,9,KARACASU,1435
AYDIN,9,KARPUZLU,1957
AYDIN,9,KOÇARLI,1479
AYDIN,9,KÖŞK,1968
AYDIN,9,KUŞADASI,1497
AYDIN,9,KUYUCAK,1498
AYDIN,9,NAZİLLİ,1542
AYDIN,9,SÖKE,1637
AYDIN,9,SULTANHİSAR,164
AYDIN,9,YENİPAZAR,1724
BALIKESİR,10,ALTIEYLÜL,2077
BALIKESİR,10,AYVALIK,1161
BALIKESİR,10,BALYA,1169
BALIKESİR,10,BANDIRMA,1171
BALIKESİR,10,BİGADİÇ,1191
BALIKESİR,10,BURHANİYE,1216
BALIKESİR,10,DURSUNBEY,1291
BALIKESİR,10,EDREMİT,1294
BALIKESİR,10,ERDEK,131
BALIKESİR,10,GÖMEÇ,1928
BALIKESİR,10,GÖNEN,136
BALIKESİR,10,HAVRAN,1384
BALIKESİR,10,İVRİNDİ,1418
BALIKESİR,10,KARESİ,2078
BALIKESİR,10,KEPSUT,1462
BALIKESİR,10,MANYAS,1514
BALIKESİR,10,MARMARA,1824
BALIKESİR,10,SAVAŞTEPE,1608
BALIKESİR,10,SINDIRGI,1619
BALIKESİR,10,SUSURLUK,1644
BİLECİK,11,BOZÜYÜK,121
BİLECİK,11,GÖLPAZARI,1359
BİLECİK,11,İNHİSAR,1948
BİLECİK,11,MERKEZ,1192
BİLECİK,11,OSMANELİ,1559
BİLECİK,11,PAZARYERİ,1571
BİLECİK,11,SÖĞÜT,1636
BİLECİK,11,YENİPAZAR,1857
BİNGÖL,12,ADAKLI,175
BİNGÖL,12,GENÇ,1344
BİNGÖL,12,KARLIOVA,1446
BİNGÖL,12,KİĞI,1475
BİNGÖL,12,MERKEZ,1193
BİNGÖL,12,SOLHAN,1633
BİNGÖL,12,YAYLADERE,1855
BİNGÖL,12,YEDİSU,1996
BİTLİS,13,ADİLCEVAZ,1106
BİTLİS,13,AHLAT,1112
BİTLİS,13,GÜROYMAK,1798
BİTLİS,13,HİZAN,1394
BİTLİS,13,MERKEZ,1196
BİTLİS,13,MUTKİ,1537
BİTLİS,13,TATVAN,1669
BOLU,14,DÖRTDİVAN,1916
BOLU,14,GEREDE,1346
BOLU,14,GÖYNÜK,1364
BOLU,14,KIBRISCIK,1466
BOLU,14,MENGEN,1522
BOLU,14,MERKEZ,1199
BOLU,14,MUDURNU,1531
BOLU,14,SEBEN,161
BOLU,14,YENİÇAĞA,1997
BURDUR,15,AĞLASUN,1109
BURDUR,15,ALTINYAYLA,1874
BURDUR,15,BUCAK,1211
BURDUR,15,ÇAVDIR,1899
BURDUR,15,ÇELTİKÇİ,1903
BURDUR,15,GÖLHİSAR,1357
BURDUR,15,KARAMANLI,1813
BURDUR,15,KEMER,1816
BURDUR,15,MERKEZ,1215
BURDUR,15,TEFENNİ,1672
BURDUR,15,YEŞİLOVA,1728
BURSA,16,BÜYÜKORHAN,1783
BURSA,16,GEMLİK,1343
BURSA,16,GÜRSU,1935
BURSA,16,HARMANCIK,1799
BURSA,16,İNEGÖL,1411
BURSA,16,İZNİK,142
BURSA,16,KARACABEY,1434
BURSA,16,KELES,1457
BURSA,16,KESTEL,196
BURSA,16,MUDANYA,153
BURSA,16,MUSTAFAKEMALPAŞA,1535
BURSA,16,NİLÜFER,1829
BURSA,16,ORHANELİ,1553
BURSA,16,ORHANGAZİ,1554
BURSA,16,OSMANGAZİ,1832
BURSA,16,YENİŞEHİR,1725
BURSA,16,YILDIRIM,1859
ÇANAKKALE,17,AYVACIK,116
ÇANAKKALE,17,BAYRAMİÇ,118
ÇANAKKALE,17,BİGA,119
ÇANAKKALE,17,BOZCAADA,1205
ÇANAKKALE,17,ÇAN,1229
ÇANAKKALE,17,ECEABAT,1293
ÇANAKKALE,17,EZİNE,1326
ÇANAKKALE,17,GELİBOLU,134
ÇANAKKALE,17,GÖKÇEADA,1408
ÇANAKKALE,17,LAPSEKİ,1503
ÇANAKKALE,17,MERKEZ,123
ÇANAKKALE,17,YENİCE,1722
ÇANKIRI,18,ATKARACALAR,1765
ÇANKIRI,18,BAYRAMÖREN,1885
ÇANKIRI,18,ÇERKEŞ,1248
ÇANKIRI,18,ELDİVAN,13
ÇANKIRI,18,ILGAZ,1399
ÇANKIRI,18,KIZILIRMAK,1817
ÇANKIRI,18,KORGUN,1963
ÇANKIRI,18,KURŞUNLU,1494
ÇANKIRI,18,MERKEZ,1232
ÇANKIRI,18,ORTA,1555
ÇANKIRI,18,ŞABANÖZÜ,1649
ÇANKIRI,18,YAPRAKLI,1718
ÇORUM,19,ALACA,1124
ÇORUM,19,BAYAT,1177
ÇORUM,19,BOĞAZKALE,1778
ÇORUM,19,DODURGA,1911
ÇORUM,19,İSKİLİP,1414
ÇORUM,19,KARGI,1445
ÇORUM,19,LAÇİN,1972
ÇORUM,19,MECİTÖZÜ,152
ÇORUM,19,MERKEZ,1259
ÇORUM,19,OĞUZLAR,1976
ÇORUM,19,ORTAKÖY,1556
ÇORUM,19,OSMANCIK,1558
ÇORUM,19,SUNGURLU,1642
ÇORUM,19,UĞURLUDAĞ,185
DENİZLİ,20,ACIPAYAM,1102
DENİZLİ,20,BABADAĞ,1769
DENİZLİ,20,BAKLAN,1881
DENİZLİ,20,BEKİLLİ,1774
DENİZLİ,20,BEYAĞAÇ,1888
DENİZLİ,20,BOZKURT,1889
DENİZLİ,20,BULDAN,1214
DENİZLİ,20,ÇAL,1224
DENİZLİ,20,ÇAMELİ,1226
DENİZLİ,20,ÇARDAK,1233
DENİZLİ,20,ÇİVRİL,1257
DENİZLİ,20,GÜNEY,1371
DENİZLİ,20,HONAZ,1803
DENİZLİ,20,KALE,1426
DENİZLİ,20,MERKEZEFENDİ,2079
DENİZLİ,20,PAMUKKALE,1871
DENİZLİ,20,SARAYKÖY,1597
DENİZLİ,20,SERİNHİSAR,184
DENİZLİ,20,TAVAS,167
DİYARBAKIR,21,BAĞLAR,204
DİYARBAKIR,21,BİSMİL,1195
DİYARBAKIR,21,ÇERMİK,1249
DİYARBAKIR,21,ÇINAR,1253
DİYARBAKIR,21,ÇÜNGÜŞ,1263
DİYARBAKIR,21,DİCLE,1278
DİYARBAKIR,21,EĞİL,1791
DİYARBAKIR,21,ERGANİ,1315
DİYARBAKIR,21,HANİ,1381
DİYARBAKIR,21,HAZRO,1389
DİYARBAKIR,21,KAYAPINAR,2041
DİYARBAKIR,21,KOCAKÖY,1962
DİYARBAKIR,21,KULP,149
DİYARBAKIR,21,LİCE,1504
DİYARBAKIR,21,SİLVAN,1624
DİYARBAKIR,21,SUR,2042
DİYARBAKIR,21,YENİŞEHİR,2043
EDİRNE,22,ENEZ,1307
EDİRNE,22,HAVSA,1385
EDİRNE,22,İPSALA,1412
EDİRNE,22,KEŞAN,1464
EDİRNE,22,LALAPAŞA,1502
EDİRNE,22,MERİÇ,1523
EDİRNE,22,MERKEZ,1295
EDİRNE,22,SÜLOĞLU,1988
EDİRNE,22,UZUNKÖPRÜ,1705
ELAZIĞ,23,AĞIN,111
ELAZIĞ,23,ALACAKAYA,1873
ELAZIĞ,23,ARICAK,1762
ELAZIĞ,23,BASKİL,1173
ELAZIĞ,23,KARAKOÇAN,1438
ELAZIĞ,23,KEBAN,1455
ELAZIĞ,23,KOVANCILAR,182
ELAZIĞ,23,MADEN,1506
ELAZIĞ,23,MERKEZ,1298
ELAZIĞ,23,PALU,1566
ELAZIĞ,23,SİVRİCE,1631
ERZİNCAN,24,ÇAYIRLI,1243
ERZİNCAN,24,İLİÇ,1406
ERZİNCAN,24,KEMAH,1459
ERZİNCAN,24,KEMALİYE,146
ERZİNCAN,24,MERKEZ,1318
ERZİNCAN,24,OTLUKBELİ,1977
ERZİNCAN,24,REFAHİYE,1583
ERZİNCAN,24,TERCAN,1675
ERZİNCAN,24,ÜZÜMLÜ,1853
ERZURUM,25,AŞKALE,1153
ERZURUM,25,AZİZİYE,1945
ERZURUM,25,ÇAT,1235
ERZURUM,25,HINIS,1392
ERZURUM,25,HORASAN,1396
ERZURUM,25,İSPİR,1416
ERZURUM,25,KARAÇOBAN,1812
ERZURUM,25,KARAYAZI,1444
ERZURUM,25,KÖPRÜKÖY,1967
ERZURUM,25,NARMAN,154
ERZURUM,25,OLTU,155
ERZURUM,25,OLUR,1551
ERZURUM,25,PALANDÖKEN,2044
ERZURUM,25,PASİNLER,1567
ERZURUM,25,PAZARYOLU,1865
ERZURUM,25,ŞENKAYA,1657
ERZURUM,25,TEKMAN,1674
ERZURUM,25,TORTUM,1683
ERZURUM,25,UZUNDERE,1851
ERZURUM,25,YAKUTİYE,2045
ESKİŞEHİR,26,ALPU,1759
ESKİŞEHİR,26,BEYLİKOVA,1777
ESKİŞEHİR,26,ÇİFTELER,1255
ESKİŞEHİR,26,GÜNYÜZÜ,1934
ESKİŞEHİR,26,HAN,1939
ESKİŞEHİR,26,İNÖNÜ,1808
ESKİŞEHİR,26,MAHMUDİYE,1508
ESKİŞEHİR,26,MİHALGAZİ,1973
ESKİŞEHİR,26,MİHALIÇÇIK,1527
ESKİŞEHİR,26,ODUNPAZARI,2046
ESKİŞEHİR,26,SARICAKAYA,1599
ESKİŞEHİR,26,SEYİTGAZİ,1618
ESKİŞEHİR,26,SİVRİHİSAR,1632
ESKİŞEHİR,26,TEPEBAŞI,2047
GAZİANTEP,27,ARABAN,1139
GAZİANTEP,27,İSLAHİYE,1415
GAZİANTEP,27,KARKAMIŞ,1956
GAZİANTEP,27,NİZİP,1546
GAZİANTEP,27,NURDAĞI,1974
GAZİANTEP,27,OĞUZELİ,1549
GAZİANTEP,27,ŞAHİNBEY,1841
GAZİANTEP,27,ŞEHİTKAMİL,1844
GAZİANTEP,27,YAVUZELİ,172
GİRESUN,28,ALUCRA,1133
GİRESUN,28,BULANCAK,1212
GİRESUN,28,ÇAMOLUK,1893
GİRESUN,28,ÇANAKÇI,1894
GİRESUN,28,DERELİ,1272
GİRESUN,28,DOĞANKENT,1912
GİRESUN,28,ESPİYE,132
GİRESUN,28,EYNESİL,1324
GİRESUN,28,GÖRELE,1361
GİRESUN,28,GÜCE,193
GİRESUN,28,KEŞAP,1465
GİRESUN,28,MERKEZ,1352
GİRESUN,28,PİRAZİZ,1837
GİRESUN,28,ŞEBİNKARAHİSAR,1654
GİRESUN,28,TİREBOLU,1678
GİRESUN,28,YAĞLIDERE,1854
GÜMÜŞHANE,29,KELKİT,1458
GÜMÜŞHANE,29,KÖSE,1822
GÜMÜŞHANE,29,KÜRTÜN,1971
GÜMÜŞHANE,29,MERKEZ,1369
GÜMÜŞHANE,29,ŞİRAN,166
GÜMÜŞHANE,29,TORUL,1684
HAKKARİ,30,ÇUKURCA,1261
HAKKARİ,30,MERKEZ,1377
HAKKARİ,30,ŞEMDİNLİ,1656
HAKKARİ,30,YÜKSEKOVA,1737
HATAY,31,ALTINÖZÜ,1131
HATAY,31,ANTAKYA,208
HATAY,31,ARSUZ,2081
HATAY,31,BELEN,1887
HATAY,31,DEFNE,2082
HATAY,31,DÖRTYOL,1289
HATAY,31,ERZİN,1792
HATAY,31,HASSA,1382
HATAY,31,İSKENDERUN,1413
HATAY,31,KIRIKHAN,1468
HATAY,31,KUMLU,197
HATAY,31,PAYAS,2083
HATAY,31,REYHANLI,1585
HATAY,31,SAMANDAĞ,1591
HATAY,31,YAYLADAĞI,1721
ISPARTA,32,AKSU,1755
ISPARTA,32,ATABEY,1154
ISPARTA,32,EĞİRDİR,1297
ISPARTA,32,GELENDOST,1341
ISPARTA,32,GÖNEN,1929
ISPARTA,32,KEÇİBORLU,1456
ISPARTA,32,MERKEZ,1401
ISPARTA,32,SENİRKENT,1615
ISPARTA,32,SÜTÇÜLER,1648
ISPARTA,32,ŞARKİKARAAĞAÇ,1651
ISPARTA,32,ULUBORLU,1699
ISPARTA,32,YALVAÇ,1717
ISPARTA,32,YENİŞARBADEMLİ,2001
MERSİN,33,AKDENİZ,2064
MERSİN,33,ANAMUR,1135
MERSİN,33,AYDINCIK,1766
MERSİN,33,BOZYAZI,1779
MERSİN,33,ÇAMLIYAYLA,1892
MERSİN,33,ERDEMLİ,1311
MERSİN,33,GÜLNAR,1366
MERSİN,33,MEZİTLİ,2065
MERSİN,33,MUT,1536
MERSİN,33,SİLİFKE,1621
MERSİN,33,TARSUS,1665
MERSİN,33,TOROSLAR,2066
MERSİN,33,YENİŞEHİR,2067
İSTANBUL,34,ADALAR,1103
İSTANBUL,34,ARNAVUTKÖY,2048
İSTANBUL,34,ATAŞEHİR,2049
İSTANBUL,34,AVCILAR,2003
İSTANBUL,34,BAĞCILAR,2004
İSTANBUL,34,BAHÇELİEVLER,2005
İSTANBUL,34,BAKIRKÖY,1166
İSTANBUL,34,BAŞAKŞEHİR,205
İSTANBUL,34,BAYRAMPAŞA,1886
İSTANBUL,34,BEŞİKTAŞ,1183
İSTANBUL,34,BEYKOZ,1185
İSTANBUL,34,BEYLİKDÜZÜ,2051
İSTANBUL,34,BEYOĞLU,1186
İSTANBUL,34,BÜYÜKÇEKMECE,1782
İSTANBUL,34,ÇATALCA,1237
İSTANBUL,34,ÇEKMEKÖY,2052
İSTANBUL,34,ESENLER,2016
İSTANBUL,34,ESENYURT,2053
İSTANBUL,34,EYÜP,1325
İSTANBUL,34,FATİH,1327
İSTANBUL,34,GAZİOSMANPAŞA,1336
İSTANBUL,34,GÜNGÖREN,201
İSTANBUL,34,KADIKÖY,1421
İSTANBUL,34,KAĞITHANE,181
İSTANBUL,34,KARTAL,1449
İSTANBUL,34,KÜÇÜKÇEKMECE,1823
İSTANBUL,34,MALTEPE,2012
İSTANBUL,34,PENDİK,1835
İSTANBUL,34,SANCAKTEPE,2054
İSTANBUL,34,SARIYER,1604
İSTANBUL,34,SİLİVRİ,1622
İSTANBUL,34,SULTANBEYLİ,2014
İSTANBUL,34,SULTANGAZİ,2055
İSTANBUL,34,ŞİLE,1659
İSTANBUL,34,ŞİŞLİ,1663
İSTANBUL,34,TUZLA,2015
İSTANBUL,34,ÜMRANİYE,1852
İSTANBUL,34,ÜSKÜDAR,1708
İSTANBUL,34,ZEYTİNBURNU,1739
İZMİR,35,ALİAĞA,1128
İZMİR,35,BALÇOVA,2006
İZMİR,35,BAYINDIR,1178
İZMİR,35,BAYRAKLI,2056
İZMİR,35,BERGAMA,1181
İZMİR,35,BEYDAĞ,1776
İZMİR,35,BORNOVA,1203
İZMİR,35,BUCA,178
İZMİR,35,ÇEŞME,1251
İZMİR,35,ÇİĞLİ,2007
İZMİR,35,DİKİLİ,128
İZMİR,35,FOÇA,1334
İZMİR,35,GAZİEMİR,2009
İZMİR,35,GÜZELBAHÇE,2018
İZMİR,35,KARABAĞLAR,2057
İZMİR,35,KARABURUN,1432
İZMİR,35,KARŞIYAKA,1448
İZMİR,35,KEMALPAŞA,1461
İZMİR,35,KINIK,1467
İZMİR,35,KİRAZ,1477
İZMİR,35,KONAK,1819
İZMİR,35,MENDERES,1826
İZMİR,35,MENEMEN,1521
İZMİR,35,NARLIDERE,2013
İZMİR,35,ÖDEMİŞ,1563
İZMİR,35,SEFERİHİSAR,1611
İZMİR,35,SELÇUK,1612
İZMİR,35,TİRE,1677
İZMİR,35,TORBALI,1682
İZMİR,35,URLA,1703
KARS,36,AKYAKA,1756
KARS,36,ARPAÇAY,1149
KARS,36,DİGOR,1279
KARS,36,KAĞIZMAN,1424
KARS,36,MERKEZ,1447
KARS,36,SARIKAMIŞ,1601
KARS,36,SELİM,1614
KARS,36,SUSUZ,1645
KASTAMONU,37,ABANA,1101
KASTAMONU,37,AĞLI,1867
KASTAMONU,37,ARAÇ,114
KASTAMONU,37,AZDAVAY,1162
KASTAMONU,37,BOZKURT,1208
KASTAMONU,37,CİDE,1221
KASTAMONU,37,ÇATALZEYTİN,1238
KASTAMONU,37,DADAY,1264
KASTAMONU,37,DEVREKANİ,1277
KASTAMONU,37,DOĞANYURT,1915
KASTAMONU,37,HANÖNÜ,194
KASTAMONU,37,İHSANGAZİ,1805
KASTAMONU,37,İNEBOLU,141
KASTAMONU,37,KÜRE,1499
KASTAMONU,37,MERKEZ,145
KASTAMONU,37,PINARBAŞI,1836
KASTAMONU,37,SEYDİLER,1984
KASTAMONU,37,ŞENPAZAR,1845
KASTAMONU,37,TAŞKÖPRÜ,1666
KASTAMONU,37,TOSYA,1685
KAYSERİ,38,AKKIŞLA,1752
KAYSERİ,38,BÜNYAN,1218
KAYSERİ,38,DEVELİ,1275
KAYSERİ,38,FELAHİYE,133
KAYSERİ,38,HACILAR,1936
KAYSERİ,38,İNCESU,1409
KAYSERİ,38,KOCASİNAN,1863
KAYSERİ,38,MELİKGAZİ,1864
KAYSERİ,38,ÖZVATAN,1978
KAYSERİ,38,PINARBAŞI,1576
KAYSERİ,38,SARIOĞLAN,1603
KAYSERİ,38,SARIZ,1605
KAYSERİ,38,TALAS,1846
KAYSERİ,38,TOMARZA,168
KAYSERİ,38,YAHYALI,1715
KAYSERİ,38,YEŞİLHİSAR,1727
KIRKLARELİ,39,BABAESKİ,1163
KIRKLARELİ,39,DEMİRKÖY,127
KIRKLARELİ,39,KOFÇAZ,148
KIRKLARELİ,39,LÜLEBURGAZ,1505
KIRKLARELİ,39,MERKEZ,1471
KIRKLARELİ,39,PEHLİVANKÖY,1572
KIRKLARELİ,39,PINARHİSAR,1577
KIRKLARELİ,39,VİZE,1714
KIRŞEHİR,40,AKÇAKENT,1869
KIRŞEHİR,40,AKPINAR,1754
KIRŞEHİR,40,BOZTEPE,189
KIRŞEHİR,40,ÇİÇEKDAĞI,1254
KIRŞEHİR,40,KAMAN,1429
KIRŞEHİR,40,MERKEZ,1472
KIRŞEHİR,40,MUCUR,1529
KOCAELİ,41,BAŞİSKELE,2058
KOCAELİ,41,ÇAYIROVA,2059
KOCAELİ,41,DARICA,206
KOCAELİ,41,DERİNCE,203
KOCAELİ,41,DİLOVASI,2061
KOCAELİ,41,GEBZE,1338
KOCAELİ,41,GÖLCÜK,1355
KOCAELİ,41,İZMİT,2062
KOCAELİ,41,KANDIRA,143
KOCAELİ,41,KARAMÜRSEL,144
KOCAELİ,41,KARTEPE,2063
KOCAELİ,41,KÖRFEZ,1821
KONYA,42,AHIRLI,1868
KONYA,42,AKÖREN,1753
KONYA,42,AKŞEHİR,1122
KONYA,42,ALTINEKİN,176
KONYA,42,BEYŞEHİR,1188
KONYA,42,BOZKIR,1207
KONYA,42,CİHANBEYLİ,1222
KONYA,42,ÇELTİK,1902
KONYA,42,ÇUMRA,1262
KONYA,42,DERBENT,1907
KONYA,42,DEREBUCAK,1789
KONYA,42,DOĞANHİSAR,1285
KONYA,42,EMİRGAZİ,192
KONYA,42,EREĞLİ,1312
KONYA,42,GÜNEYSINIR,1933
KONYA,42,HADİM,1375
KONYA,42,HALKAPINAR,1937
KONYA,42,HÜYÜK,1804
KONYA,42,ILGIN,14
KONYA,42,KADINHANI,1422
KONYA,42,KARAPINAR,1441
KONYA,42,KARATAY,1814
KONYA,42,KULU,1491
KONYA,42,MERAM,1827
KONYA,42,SARAYÖNÜ,1598
KONYA,42,SELÇUKLU,1839
KONYA,42,SEYDİŞEHİR,1617
KONYA,42,TAŞKENT,1848
KONYA,42,TUZLUKÇU,199
KONYA,42,YALIHÜYÜK,1994
KONYA,42,YUNAK,1735
KÜTAHYA,43,ALTINTAŞ,1132
KÜTAHYA,43,ASLANAPA,1764
KÜTAHYA,43,ÇAVDARHİSAR,1898
KÜTAHYA,43,DOMANİÇ,1288
KÜTAHYA,43,DUMLUPINAR,179
KÜTAHYA,43,EMET,1304
KÜTAHYA,43,GEDİZ,1339
KÜTAHYA,43,HİSARCIK,1802
KÜTAHYA,43,MERKEZ,15
KÜTAHYA,43,PAZARLAR,1979
KÜTAHYA,43,SİMAV,1625
KÜTAHYA,43,ŞAPHANE,1843
KÜTAHYA,43,TAVŞANLI,1671
MALATYA,44,AKÇADAĞ,1114
MALATYA,44,ARAPGİR,1143
MALATYA,44,ARGUVAN,1148
MALATYA,44,BATTALGAZİ,1772
MALATYA,44,DARENDE,1265
MALATYA,44,DOĞANŞEHİR,1286
MALATYA,44,DOĞANYOL,1914
MALATYA,44,HEKİMHAN,139
MALATYA,44,KALE,1953
MALATYA,44,KULUNCAK,1969
MALATYA,44,PÜTÜRGE,1582
MALATYA,44,YAZIHAN,1995
MALATYA,44,YEŞİLYURT,1729
MANİSA,45,AHMETLİ,1751
MANİSA,45,AKHİSAR,1118
MANİSA,45,ALAŞEHİR,1127
MANİSA,45,DEMİRCİ,1269
MANİSA,45,GÖLMARMARA,1793
MANİSA,45,GÖRDES,1362
MANİSA,45,KIRKAĞAÇ,147
MANİSA,45,KÖPRÜBAŞI,1965
MANİSA,45,KULA,1489
MANİSA,45,SALİHLİ,159
MANİSA,45,SARIGÖL,16
MANİSA,45,SARUHANLI,1606
MANİSA,45,SELENDİ,1613
MANİSA,45,SOMA,1634
MANİSA,45,ŞEHZADELER,2086
MANİSA,45,TURGUTLU,1689
MANİSA,45,YUNUSEMRE,2087
KAHRAMANMARAŞ,46,AFŞİN,1107
KAHRAMANMARAŞ,46,ANDIRIN,1136
KAHRAMANMARAŞ,46,ÇAĞLAYANCERİT,1785
KAHRAMANMARAŞ,46,DULKADİROĞLU,2084
KAHRAMANMARAŞ,46,EKİNÖZÜ,1919
KAHRAMANMARAŞ,46,ELBİSTAN,1299
KAHRAMANMARAŞ,46,GÖKSUN,1353
KAHRAMANMARAŞ,46,NURHAK,1975
KAHRAMANMARAŞ,46,ONİKİŞUBAT,2085
KAHRAMANMARAŞ,46,PAZARCIK,157
KAHRAMANMARAŞ,46,TÜRKOĞLU,1694
MARDİN,47,ARTUKLU,2088
MARDİN,47,DARGEÇİT,1787
MARDİN,47,DERİK,1273
MARDİN,47,KIZILTEPE,1474
MARDİN,47,MAZIDAĞI,1519
MARDİN,47,MİDYAT,1526
MARDİN,47,NUSAYBİN,1547
MARDİN,47,ÖMERLİ,1564
MARDİN,47,SAVUR,1609
MARDİN,47,YEŞİLLİ,2002
MUĞLA,48,BODRUM,1197
MUĞLA,48,DALAMAN,1742
MUĞLA,48,DATÇA,1266
MUĞLA,48,FETHİYE,1331
MUĞLA,48,KAVAKLIDERE,1958
MUĞLA,48,KÖYCEĞİZ,1488
MUĞLA,48,MARMARİS,1517
MUĞLA,48,MENTEŞE,2089
MUĞLA,48,MİLAS,1528
MUĞLA,48,ORTACA,1831
MUĞLA,48,SEYDİKEMER,209
MUĞLA,48,ULA,1695
MUĞLA,48,YATAĞAN,1719
MUŞ,49,BULANIK,1213
MUŞ,49,HASKÖY,1801
MUŞ,49,KORKUT,1964
MUŞ,49,MALAZGİRT,151
MUŞ,49,MERKEZ,1534
MUŞ,49,VARTO,1711
NEVŞEHİR,50,ACIGÖL,1749
NEVŞEHİR,50,AVANOS,1155
NEVŞEHİR,50,DERİNKUYU,1274
NEVŞEHİR,50,GÜLŞEHİR,1367
NEVŞEHİR,50,HACIBEKTAŞ,1374
NEVŞEHİR,50,KOZAKLI,1485
NEVŞEHİR,50,MERKEZ,1543
NEVŞEHİR,50,ÜRGÜP,1707
NİĞDE,51,ALTUNHİSAR,1876
NİĞDE,51,BOR,1201
NİĞDE,51,ÇAMARDI,1225
NİĞDE,51,ÇİFTLİK,1904
NİĞDE,51,MERKEZ,1544
NİĞDE,51,ULUKIŞLA,17
ORDU,52,AKKUŞ,1119
ORDU,52,ALTINORDU,2103
ORDU,52,AYBASTI,1158
ORDU,52,ÇAMAŞ,1891
ORDU,52,ÇATALPINAR,1897
ORDU,52,ÇAYBAŞI,19
ORDU,52,FATSA,1328
ORDU,52,GÖLKÖY,1358
ORDU,52,GÜLYALI,1795
ORDU,52,GÜRGENTEPE,1797
ORDU,52,İKİZCE,1947
ORDU,52,KABADÜZ,195
ORDU,52,KABATAŞ,1951
ORDU,52,KORGAN,1482
ORDU,52,KUMRU,1493
ORDU,52,MESUDİYE,1525
ORDU,52,PERŞEMBE,1573
ORDU,52,ULUBEY,1696
ORDU,52,ÜNYE,1706
RİZE,53,ARDEŞEN,1146
RİZE,53,ÇAMLIHEMŞİN,1228
RİZE,53,ÇAYELİ,1241
RİZE,53,DEREPAZARI,1908
RİZE,53,FINDIKLI,1332
RİZE,53,GÜNEYSU,1796
RİZE,53,HEMŞİN,1943
RİZE,53,İKİZDERE,1405
RİZE,53,İYİDERE,1949
RİZE,53,KALKANDERE,1428
RİZE,53,MERKEZ,1586
RİZE,53,PAZAR,1569
SAKARYA,54,ADAPAZARI,2068
SAKARYA,54,AKYAZI,1123
SAKARYA,54,ARİFİYE,2069
SAKARYA,54,ERENLER,207
SAKARYA,54,FERİZLİ,1925
SAKARYA,54,GEYVE,1351
SAKARYA,54,HENDEK,1391
SAKARYA,54,KARAPÜRÇEK,1955
SAKARYA,54,KARASU,1442
SAKARYA,54,KAYNARCA,1453
SAKARYA,54,KOCAALİ,1818
SAKARYA,54,PAMUKOVA,1833
SAKARYA,54,SAPANCA,1595
SAKARYA,54,SERDİVAN,2071
SAKARYA,54,SÖĞÜTLÜ,1986
SAKARYA,54,TARAKLI,1847
SAMSUN,55,19 MAYIS,183
SAMSUN,55,ALAÇAM,1125
SAMSUN,55,ASARCIK,1763
SAMSUN,55,ATAKUM,2072
SAMSUN,55,AYVACIK,1879
SAMSUN,55,BAFRA,1164
SAMSUN,55,CANİK,2073
SAMSUN,55,ÇARŞAMBA,1234
SAMSUN,55,HAVZA,1386
SAMSUN,55,İLKADIM,2074
SAMSUN,55,KAVAK,1452
SAMSUN,55,LADİK,1501
SAMSUN,55,SALIPAZARI,1838
SAMSUN,55,TEKKEKÖY,1849
SAMSUN,55,TERME,1676
SAMSUN,55,VEZİRKÖPRÜ,1712
SAMSUN,55,YAKAKENT,1993
SİİRT,56,BAYKAN,1179
SİİRT,56,ERUH,1317
SİİRT,56,KURTALAN,1495
SİİRT,56,MERKEZ,162
SİİRT,56,PERVARİ,1575
SİİRT,56,ŞİRVAN,1662
SİİRT,56,TİLLO,1878
SİNOP,57,AYANCIK,1156
SİNOP,57,BOYABAT,1204
SİNOP,57,DİKMEN,191
SİNOP,57,DURAĞAN,129
SİNOP,57,ERFELEK,1314
SİNOP,57,GERZE,1349
SİNOP,57,MERKEZ,1627
SİNOP,57,SARAYDÜZÜ,1981
SİNOP,57,TÜRKELİ,1693
SİVAS,58,AKINCILAR,187
SİVAS,58,ALTINYAYLA,1875
SİVAS,58,DİVRİĞİ,1282
SİVAS,58,DOĞANŞAR,1913
SİVAS,58,GEMEREK,1342
SİVAS,58,GÖLOVA,1927
SİVAS,58,GÜRÜN,1373
SİVAS,58,HAFİK,1376
SİVAS,58,İMRANLI,1407
SİVAS,58,KANGAL,1431
SİVAS,58,KOYULHİSAR,1484
SİVAS,58,MERKEZ,1628
SİVAS,58,SUŞEHRİ,1646
SİVAS,58,ŞARKIŞLA,165
SİVAS,58,ULAŞ,1991
SİVAS,58,YILDIZELİ,1731
SİVAS,58,ZARA,1738
TEKİRDAĞ,59,ÇERKEZKÖY,125
TEKİRDAĞ,59,ÇORLU,1258
TEKİRDAĞ,59,ERGENE,2094
TEKİRDAĞ,59,HAYRABOLU,1388
TEKİRDAĞ,59,KAPAKLI,2095
TEKİRDAĞ,59,MALKARA,1511
TEKİRDAĞ,59,MARMARAEREĞLİSİ,1825
TEKİRDAĞ,59,MURATLI,1538
TEKİRDAĞ,59,SARAY,1596
TEKİRDAĞ,59,SÜLEYMANPAŞA,2096
TEKİRDAĞ,59,ŞARKÖY,1652
TOKAT,60,ALMUS,1129
TOKAT,60,ARTOVA,1151
TOKAT,60,BAŞÇİFTLİK,1883
TOKAT,60,ERBAA,1308
TOKAT,60,MERKEZ,1679
TOKAT,60,NİKSAR,1545
TOKAT,60,PAZAR,1834
TOKAT,60,REŞADİYE,1584
TOKAT,60,SULUSARAY,1987
TOKAT,60,TURHAL,169
TOKAT,60,YEŞİLYURT,1858
TOKAT,60,ZİLE,174
TRABZON,61,AKÇAABAT,1113
TRABZON,61,ARAKLI,1141
TRABZON,61,ARSİN,115
TRABZON,61,BEŞİKDÜZÜ,1775
TRABZON,61,ÇARŞIBAŞI,1896
TRABZON,61,ÇAYKARA,1244
TRABZON,61,DERNEKPAZARI,1909
TRABZON,61,DÜZKÖY,1917
TRABZON,61,HAYRAT,1942
TRABZON,61,KÖPRÜBAŞI,1966
TRABZON,61,MAÇKA,1507
TRABZON,61,OF,1548
TRABZON,61,ORTAHİSAR,2097
TRABZON,61,SÜRMENE,1647
TRABZON,61,ŞALPAZARI,1842
TRABZON,61,TONYA,1681
TRABZON,61,VAKFIKEBİR,1709
TRABZON,61,YOMRA,1732
TUNCELİ,62,ÇEMİŞGEZEK,1247
TUNCELİ,62,HOZAT,1397
TUNCELİ,62,MAZGİRT,1518
TUNCELİ,62,MERKEZ,1688
TUNCELİ,62,NAZIMİYE,1541
TUNCELİ,62,OVACIK,1562
TUNCELİ,62,PERTEK,1574
TUNCELİ,62,PÜLÜMÜR,1581
ŞANLIURFA,63,AKÇAKALE,1115
ŞANLIURFA,63,BİRECİK,1194
ŞANLIURFA,63,BOZOVA,1209
ŞANLIURFA,63,CEYLANPINAR,122
ŞANLIURFA,63,EYYÜBİYE,2091
ŞANLIURFA,63,HALFETİ,1378
ŞANLIURFA,63,HALİLİYE,2092
ŞANLIURFA,63,HARRAN,18
ŞANLIURFA,63,HİLVAN,1393
ŞANLIURFA,63,KARAKÖPRÜ,2093
ŞANLIURFA,63,SİVEREK,163
ŞANLIURFA,63,SURUÇ,1643
ŞANLIURFA,63,VİRANŞEHİR,1713
UŞAK,64,BANAZ,117
UŞAK,64,EŞME,1323
UŞAK,64,KARAHALLI,1436
UŞAK,64,MERKEZ,1704
UŞAK,64,SİVASLI,1629
UŞAK,64,ULUBEY,1697
VAN,65,BAHÇESARAY,177
VAN,65,BAŞKALE,1175
VAN,65,ÇALDIRAN,1786
VAN,65,ÇATAK,1236
VAN,65,EDREMİT,1918
VAN,65,ERCİŞ,1309
VAN,65,GEVAŞ,135
VAN,65,GÜRPINAR,1372
VAN,65,İPEKYOLU,2098
VAN,65,MURADİYE,1533
VAN,65,ÖZALP,1565
VAN,65,SARAY,198
VAN,65,TUŞBA,2099
YOZGAT,66,AKDAĞMADENİ,1117
YOZGAT,66,AYDINCIK,1877
YOZGAT,66,BOĞAZLIYAN,1198
YOZGAT,66,ÇANDIR,1895
YOZGAT,66,ÇAYIRALAN,1242
YOZGAT,66,ÇEKEREK,1245
YOZGAT,66,KADIŞEHRİ,1952
YOZGAT,66,MERKEZ,1733
YOZGAT,66,SARAYKENT,1982
YOZGAT,66,SARIKAYA,1602
YOZGAT,66,SORGUN,1635
YOZGAT,66,ŞEFAATLİ,1655
YOZGAT,66,YENİFAKILI,1998
YOZGAT,66,YERKÖY,1726
ZONGULDAK,67,ALAPLI,1758
ZONGULDAK,67,ÇAYCUMA,124
ZONGULDAK,67,DEVREK,1276
ZONGULDAK,67,EREĞLİ,1313
ZONGULDAK,67,GÖKÇEBEY,1926
ZONGULDAK,67,KİLİMLİ,21
ZONGULDAK,67,KOZLU,2101
ZONGULDAK,67,MERKEZ,1741
AKSARAY,68,AĞAÇÖREN,186
AKSARAY,68,ESKİL,1921
AKSARAY,68,GÜLAĞAÇ,1932
AKSARAY,68,GÜZELYURT,1861
AKSARAY,68,MERKEZ,112
AKSARAY,68,ORTAKÖY,1557
AKSARAY,68,SARIYAHŞİ,1866
AKSARAY,68,SULTANHANI,
BAYBURT,69,AYDINTEPE,1767
BAYBURT,69,DEMİRÖZÜ,1788
BAYBURT,69,MERKEZ,1176
KARAMAN,70,AYRANCI,1768
KARAMAN,70,BAŞYAYLA,1884
KARAMAN,70,ERMENEK,1316
KARAMAN,70,KAZIMKARABEKİR,1862
KARAMAN,70,MERKEZ,1439
KARAMAN,70,SARIVELİLER,1983
KIRIKKALE,71,BAHŞİLİ,188
KIRIKKALE,71,BALIŞEYH,1882
KIRIKKALE,71,ÇELEBİ,1901
KIRIKKALE,71,DELİCE,1268
KIRIKKALE,71,KARAKEÇİLİ,1954
KIRIKKALE,71,KESKİN,1463
KIRIKKALE,71,MERKEZ,1469
KIRIKKALE,71,SULAKYURT,1638
KIRIKKALE,71,YAHŞİHAN,1992
BATMAN,72,BEŞİRİ,1184
BATMAN,72,GERCÜŞ,1345
BATMAN,72,HASANKEYF,1941
BATMAN,72,KOZLUK,1487
BATMAN,72,MERKEZ,1174
BATMAN,72,SASON,1607
ŞIRNAK,73,BEYTÜŞŞEBAP,1189
ŞIRNAK,73,CİZRE,1223
ŞIRNAK,73,GÜÇLÜKONAK,1931
ŞIRNAK,73,İDİL,1403
ŞIRNAK,73,MERKEZ,1661
ŞIRNAK,73,SİLOPİ,1623
ŞIRNAK,73,ULUDERE,1698
BARTIN,74,AMASRA,1761
BARTIN,74,KURUCAŞİLE,1496
BARTIN,74,MERKEZ,1172
BARTIN,74,ULUS,1701
ARDAHAN,75,ÇILDIR,1252
ARDAHAN,75,DAMAL,2008
ARDAHAN,75,GÖLE,1356
ARDAHAN,75,HANAK,138
ARDAHAN,75,MERKEZ,1144
ARDAHAN,75,POSOF,1579
IĞDIR,76,ARALIK,1142
IĞDIR,76,KARAKOYUNLU,2011
IĞDIR,76,MERKEZ,1398
IĞDIR,76,TUZLUCA,1692
YALOVA,77,ALTINOVA,2019
YALOVA,77,ARMUTLU,202
YALOVA,77,ÇINARCIK,2021
YALOVA,77,ÇİFTLİKKÖY,2022
YALOVA,77,MERKEZ,1716
YALOVA,77,TERMAL,2026
KARABÜK,78,EFLANİ,1296
KARABÜK,78,ESKİPAZAR,1321
KARABÜK,78,MERKEZ,1433
KARABÜK,78,OVACIK,1561
KARABÜK,78,SAFRANBOLU,1587
KARABÜK,78,YENİCE,1856
KİLİS,79,ELBEYLİ,2023
KİLİS,79,MERKEZ,1476
KİLİS,79,MUSABEYLİ,2024
KİLİS,79,POLATELİ,2025
OSMANİYE,80,BAHÇE,1165
OSMANİYE,80,DÜZİÇİ,1743
OSMANİYE,80,HASANBEYLİ,2027
OSMANİYE,80,KADİRLİ,1423
OSMANİYE,80,MERKEZ,156
OSMANİYE,80,SUMBAS,2028
OSMANİYE,80,TOPRAKKALE,2029
DÜZCE,81,AKÇAKOCA,1116
DÜZCE,81,CUMAYERİ,1784
DÜZCE,81,ÇİLİMLİ,1905
DÜZCE,81,GÖLYAKA,1794
DÜZCE,81,GÜMÜŞOVA,2017
DÜZCE,81,KAYNAŞLI,2031
DÜZCE,81,MERKEZ,1292
DÜZCE,81,YIĞILCA,173
